community_id,size,mean_indval,mean_cooccurrence_ratio,mean_preference_strength,density,modularity_contribution,species,mean_indval_rank,mean_cooccurrence_ratio_rank,mean_preference_strength_rank,density_rank,composite_score,community_size,vcm_cooccurrence_count,total_cooccurrence_count,vcm_cohesion,overall_cohesion,vcm_preference_ratio,avg_pair_cooccurrence,avg_vcm_pair_cooccurrence,vcm_pair_ratio
2,2,10.898823336139802,0.22916666666666663,2.7824384787472063,1.0,0.09090909090909091,"Chamaebatia foliolosa, Ribes roezlii",2.0,1.0,1.0,2.5,1.625,2.0,5.0,22.0,0.041666666666666664,0.03691275167785235,0.22727272727272727,22.0,5.0,0.22727272727272727
6,2,9.827386881323191,0.18928262748487465,-1.2059654394319947,1.0,0.08695652173913043,"Odocoileus hemionus, Ursus americanus",3.0,2.0,2.0,2.5,2.375,2.0,6.0,37.0,0.05,0.06208053691275168,0.16216216216216217,37.0,6.0,0.16216216216216217
0,3,11.197154215831048,0.09296445039416922,-10.837783148502533,1.0,0.2,"Aquilegia formosa, Leptosiphon ciliatus, Pteridium aquilinum",1.0,4.0,4.0,2.5,2.875,3.0,3.0,47.0,0.025,0.07885906040268456,0.06382978723404255,20.333333333333332,1.0,0.049180327868852465
5,2,9.360763989520605,0.11708482676224605,-8.42574551169485,1.0,0.08695652173913043,"Lilium kelleyanum, Tamiasciurus douglasii",4.0,3.0,3.0,2.5,3.125,2.0,2.0,20.0,0.016666666666666666,0.03355704697986577,0.1,20.0,2.0,0.1
