model_name,accuracy,precision,recall,f1_score,roc_auc,cv_roc_auc_mean,cv_roc_auc_std,feature_count
Baseline (All Species),0.8540322580645161,0.7480314960629921,0.2235294117647059,0.3442028985507246,0.8359272935451554,0.8391606171463588,0.006696295099274018,224
Indval Indicators,0.8383064516129032,0.65,0.1223529411764706,0.20594059405940593,0.6799169886932874,0.6864733051377009,0.02225932250551016,10
Cooccurrence Indicators,0.8463709677419354,0.6692307692307692,0.20470588235294118,0.31351351351351353,0.636542149706598,0.6544104296711952,0.012971167157995492,15
Frequency Indicators,0.8512096774193548,0.7456140350877193,0.2,0.31539888682745826,0.6185452984113353,0.6247267539498276,0.00976809650224952,10
Combined Indicators,0.8471774193548387,0.6666666666666666,0.2164705882352941,0.3268206039076377,0.7333516530699871,0.7406342043833622,0.018452524905338604,22
