Species,Total_Occurrences,VCM_Occurrences,Non_VCM_Occurrences,Percent_in_VCM,VCM_Frequency,Non_VCM_Frequency,Frequency_Ratio,p_value,Preference,adjusted_p_value,significant,VCM_Preference_Strength,abs_preference
species_Lilium kelleyanum,93,8,85,8.60215053763441,6.666666666666667,17.857142857142858,0.37333333333333335,0.004079826265854991,non-VCM,0.028924512034567994,True,-11.532077650285052,11.532077650285052
species_Aquilegia formosa,83,7,76,8.433734939759036,5.833333333333333,15.966386554621847,0.3653508771929825,0.005784902406913599,non-VCM,0.028924512034567994,True,-11.700493248160425,11.700493248160425
species_Leptosiphon ciliatus,81,6,75,7.4074074074074066,5.0,15.756302521008402,0.31733333333333336,0.003182402359107087,non-VCM,0.028924512034567994,True,-12.726820780512055,12.726820780512055
