species,A,B,IndVal,pvalue
species_Arbutus menziesii,4.906067114180142,0.12985274431057564,63.706627854815764,0.01
